id_visionnage,id_membre,id_titre,id_appareil,id_localisation,id_date_debut,id_heure_debut,duree_visionnage_secondes,est_visionnage_complet,cout_visionnage
1,90,10,286,9,20210217,779,9851,1,0.49
2,246,13,368,5,20210510,1047,8219,0,0.41
3,166,92,187,8,20220529,887,7204,0,0.36
4,260,69,121,20,20231218,1032,7681,0,0.38
5,78,64,179,1,20210612,145,10566,0,0.53
6,8,51,141,1,20230127,1348,4463,0,0.22
7,252,73,463,12,20231024,184,683,1,0.03
8,122,8,321,5,20210127,775,4059,0,0.20
9,146,95,447,17,20221128,899,6913,0,0.35
10,102,66,340,5,20231004,640,8740,0,0.44
11,222,62,98,17,20230611,114,4993,1,0.25
12,9,93,273,16,20230107,1405,8166,1,0.41
13,156,5,479,11,20231231,1371,8253,1,0.41
14,265,87,6,14,20210714,1157,7499,0,0.37
15,63,53,229,11,20210101,919,839,0,0.04
16,210,102,85,19,20210606,443,8911,0,0.45
17,186,64,461,3,20231224,980,3777,0,0.19
18,151,7,369,2,20211219,198,1907,0,0.10
19,63,13,26,17,20220115,1085,7054,1,0.35
20,28,75,475,1,20210712,31,10769,1,0.54
21,205,90,379,18,20220131,31,4382,1,0.22
22,234,95,366,12,20230812,17,8729,1,0.44
23,168,68,64,10,20210520,1376,8501,0,0.43
24,42,97,480,16,20221007,927,6091,1,0.30
25,18,104,277,7,20221008,1125,335,0,0.02
26,156,105,10,13,20210808,63,9853,0,0.49
27,300,95,340,10,20210822,410,1673,1,0.08
28,4,103,55,10,20230126,900,340,0,0.02
29,86,227,206,10,20220821,291,10513,0,0.53
30,11,78,156,4,20210808,879,3933,1,0.20
31,216,106,231,16,20231116,52,5372,0,0.27
32,251,71,453,15,20231018,1399,8762,0,0.44
33,46,64,185,18,20220802,724,1753,0,0.09
34,171,326,461,9,20220805,1116,3119,0,0.16
35,69,65,67,7,20230716,487,8454,1,0.42
36,230,99,406,7,20220928,1261,680,0,0.03
37,35,56,433,4,20211225,62,10508,1,0.53
38,26,399,288,13,20210417,313,7694,1,0.38
39,227,4,116,6,20231011,407,7379,0,0.37
40,77,326,25,10,20210909,1308,1995,0,0.10
41,104,10,413,16,20210131,987,3794,0,0.19
42,14,37,161,3,20210829,1293,5574,1,0.28
43,179,61,148,15,20230305,927,7091,0,0.35
44,181,7,451,5,20231030,619,9450,0,0.47
45,12,192,146,20,20231102,825,9167,0,0.46
46,133,102,113,6,20220330,314,891,0,0.04
47,249,60,361,16,20220331,331,3148,0,0.16
48,40,93,498,15,20231212,1175,4725,0,0.24
49,158,80,167,9,20210815,1347,7119,0,0.36
50,117,53,153,17,20210604,547,10715,1,0.54
51,82,8,295,9,20231217,267,1840,0,0.09
52,235,438,426,18,20220409,1395,3515,0,0.18
53,10,326,86,14,20210414,871,6137,1,0.31
54,153,58,139,20,20210722,185,10154,0,0.51
55,296,498,366,16,20210417,1203,7047,1,0.35
56,243,54,186,6,20220220,319,2154,0,0.11
57,236,94,414,20,20210512,367,9842,1,0.49
58,191,40,332,4,20230902,1269,7586,1,0.38
59,197,74,197,6,20210602,914,2575,0,0.13
60,11,15,458,8,20210312,428,3379,0,0.17
61,1,65,221,10,20211219,1122,9922,0,0.50
62,107,399,99,18,20220607,191,10454,0,0.52
63,226,294,181,18,20220511,1336,10282,1,0.51
64,54,56,296,15,20230325,1365,1148,0,0.06
65,252,67,239,17,20210510,260,3804,0,0.19
66,71,53,129,20,20210911,1151,8981,1,0.45
67,109,87,378,13,20210712,364,9429,0,0.47
68,290,87,132,16,20230122,1162,4456,0,0.22
69,87,50,85,4,20221128,1006,6222,1,0.31
70,103,227,292,2,20210307,736,5348,1,0.27
71,221,5,404,13,20210707,5,965,0,0.05
72,171,52,150,2,20220708,367,10747,0,0.54
73,193,93,11,6,20210307,1166,7840,0,0.39
74,222,89,321,2,20230617,860,6261,0,0.31
75,140,105,74,7,20231011,345,7125,0,0.36
76,111,95,338,3,20230505,436,2562,0,0.13
77,25,2,349,9,20220410,1216,2221,0,0.11
78,205,438,27,8,20211211,121,5112,0,0.26
79,138,102,60,14,20211031,1138,6263,0,0.31
80,206,101,413,14,20220507,65,5193,0,0.26
81,187,19,48,16,20231004,1010,7490,0,0.37
82,33,99,142,11,20231207,970,10373,1,0.52
83,206,52,77,18,20210929,799,1101,1,0.06
84,99,58,85,9,20220409,82,10512,0,0.53
85,227,79,388,15,20230925,246,10177,0,0.51
86,93,97,320,16,20221021,1277,3891,0,0.19
87,126,438,279,8,20210312,490,6250,1,0.31
88,278,82,42,11,20220513,912,2488,0,0.12
89,105,75,46,14,20210522,928,2068,1,0.10
90,281,109,14,17,20230614,1065,7734,0,0.39
91,157,61,478,4,20230923,331,9654,1,0.48
92,50,66,311,8,20231025,223,1742,0,0.09
93,228,8,323,6,20220308,290,7718,1,0.39
94,176,89,336,10,20220915,196,1276,0,0.06
95,212,14,284,9,20231030,546,3897,0,0.19
96,125,94,63,9,20230623,1212,9274,1,0.46
97,50,192,497,15,20210908,1066,6787,1,0.34
98,74,98,409,19,20221119,876,1737,1,0.09
99,194,85,424,16,20231005,1369,10234,1,0.51
100,122,96,468,4,20220307,753,1320,1,0.07
101,38,99,220,18,20220609,145,7067,1,0.35
102,6,37,395,13,20230426,271,3830,0,0.19
103,119,13,348,4,20230125,756,5520,1,0.28
104,82,6,107,15,20221228,1036,8656,1,0.43
105,69,53,130,9,20220505,743,6931,0,0.35
106,28,62,362,3,20221230,1387,1288,0,0.06
107,71,81,133,1,20230209,594,921,0,0.05
108,246,55,77,5,20220324,832,10722,0,0.54
109,89,50,439,11,20221022,36,2936,0,0.15
110,248,54,384,16,20220917,1211,4969,1,0.25
111,243,84,234,19,20211102,426,1526,0,0.08
112,60,67,178,10,20210723,789,6110,0,0.31
113,181,106,381,1,20210821,738,7717,1,0.39
114,261,59,48,3,20220629,596,1265,0,0.06
115,211,63,430,8,20220711,260,772,0,0.04
116,244,92,52,20,20220915,952,2305,1,0.12
117,68,192,144,10,20230813,874,9639,0,0.48
118,181,52,245,14,20230921,489,1076,0,0.05
119,13,9,497,16,20230514,567,5030,0,0.25
120,162,107,137,2,20230119,1099,9679,0,0.48
121,227,60,127,16,20230929,1237,5241,1,0.26
122,72,86,344,17,20221112,206,854,1,0.04
123,69,97,24,15,20220302,1149,7706,0,0.39
124,188,75,207,18,20220821,1287,3385,1,0.17
125,11,70,151,11,20230202,392,9001,0,0.45
126,193,52,414,9,20220506,499,2363,1,0.12
127,93,107,136,14,20220322,720,5683,0,0.28
128,300,2,125,2,20211119,1113,5915,0,0.30
129,199,60,59,13,20231114,708,4771,0,0.24
130,2,50,60,4,20231119,1280,5681,1,0.28
131,177,63,47,10,20231214,120,6072,0,0.30
132,214,399,43,16,20211112,531,7003,0,0.35
133,47,70,450,1,20230420,1234,1760,0,0.09
134,50,99,85,20,20220325,131,7183,0,0.36
135,296,3,248,4,20230122,554,9653,0,0.48
136,97,477,85,9,20220804,870,8948,0,0.45
137,237,67,96,18,20220505,339,4806,0,0.24
138,298,70,324,11,20220924,863,10366,1,0.52
139,255,71,445,18,20210505,1228,630,0,0.03
140,234,460,78,19,20220226,1348,1405,1,0.07
141,128,66,358,10,20211027,498,1153,0,0.06
142,54,51,14,10,20210416,1002,7877,0,0.39
143,71,11,62,1,20210114,1244,1518,1,0.08
144,31,399,379,14,20230227,391,2716,0,0.14
145,116,60,122,2,20220426,951,2336,1,0.12
146,102,399,222,18,20221201,594,7154,0,0.36
147,106,98,56,16,20210122,911,2391,0,0.12
148,12,101,294,2,20211006,377,2544,0,0.13
149,212,54,65,14,20220621,1273,3278,1,0.16
150,187,69,456,7,20220606,251,8327,0,0.42
151,94,5,405,17,20210411,275,8752,0,0.44
152,229,56,21,11,20220129,1254,4381,0,0.22
153,180,60,149,19,20211120,1429,7009,0,0.35
154,15,51,76,13,20210507,742,1405,1,0.07
155,76,58,328,12,20221015,906,7515,0,0.38
156,138,7,224,20,20220820,841,10094,1,0.50
157,185,58,134,1,20230622,210,628,1,0.03
158,226,106,392,15,20220403,171,3885,0,0.19
159,154,99,55,13,20230524,479,5751,0,0.29
160,152,85,97,13,20230706,717,6930,0,0.35
161,29,61,118,13,20221004,109,5915,0,0.30
162,58,13,323,3,20231030,545,8990,0,0.45
163,217,84,217,14,20221106,31,3622,0,0.18
164,92,69,154,2,20230622,685,9791,0,0.49
165,137,18,171,20,20230826,1049,2715,1,0.14
166,217,9,456,3,20230529,469,10542,1,0.53
167,266,88,41,19,20230701,631,9704,0,0.49
168,30,387,282,20,20210628,23,2457,1,0.12
169,241,102,312,3,20220424,634,9590,0,0.48
170,299,55,379,13,20220505,1151,559,1,0.03
171,259,103,38,14,20210129,1274,10619,0,0.53
172,2,37,273,19,20221004,1280,6140,0,0.31
173,66,72,101,2,20220310,9,1448,0,0.07
174,158,8,447,4,20220201,967,317,1,0.02
175,124,498,14,1,20221216,641,4751,1,0.24
176,278,105,436,3,20230815,588,3266,0,0.16
177,273,76,407,13,20210706,784,482,0,0.02
178,259,14,436,8,20220706,80,8590,1,0.43
179,99,2,356,18,20220903,1004,4749,0,0.24
180,68,88,153,8,20221102,1039,841,0,0.04
181,28,8,175,7,20210211,1131,3490,0,0.17
182,228,57,463,19,20210111,607,1248,0,0.06
183,20,498,356,12,20210822,1383,4023,1,0.20
184,128,89,319,13,20210902,478,4329,1,0.22
185,208,86,173,6,20230703,1354,9552,0,0.48
186,161,326,450,17,20221126,1412,1325,0,0.07
187,230,85,291,2,20220428,215,1238,0,0.06
188,97,106,367,16,20210820,28,3934,0,0.20
189,92,18,428,17,20210625,208,6353,0,0.32
190,77,460,444,6,20231205,1104,3168,0,0.16
191,298,100,340,4,20230115,1254,6527,0,0.33
192,251,65,304,7,20220810,986,2994,0,0.15
193,172,79,380,9,20230318,22,6685,1,0.33
194,192,52,54,17,20230621,350,6639,0,0.33
195,84,90,141,8,20230725,1059,10765,1,0.54
196,45,16,386,11,20210921,645,6912,1,0.35
197,198,55,480,5,20231212,1055,8612,1,0.43
198,252,77,216,1,20230523,299,5254,1,0.26
199,255,87,344,10,20230401,1031,7242,0,0.36
200,37,78,32,15,20230110,307,6696,0,0.33
201,45,71,241,9,20220420,569,9846,0,0.49
202,177,0,466,17,20210418,84,2357,1,0.12
203,115,78,189,1,20220401,642,8992,1,0.45
204,118,101,475,4,20220307,1147,7587,0,0.38
205,140,8,266,9,20220720,423,7271,0,0.36
206,270,50,218,20,20210417,66,5807,0,0.29
207,271,95,311,10,20230524,1337,5676,1,0.28
208,3,0,413,6,20230922,170,8477,0,0.42
209,104,77,50,12,20230805,42,2249,1,0.11
210,285,107,428,14,20230606,1298,2850,0,0.14
211,86,17,490,17,20231107,789,10685,0,0.53
212,139,107,381,1,20220806,388,7764,1,0.39
213,91,84,260,19,20211030,134,4860,1,0.24
214,216,16,481,13,20231214,810,5155,0,0.26
215,77,9,145,15,20230802,351,347,0,0.02
216,223,40,29,3,20220513,1286,8977,0,0.45
217,82,87,448,15,20231119,969,6310,1,0.32
218,30,96,101,3,20220403,989,1561,0,0.08
219,251,65,332,3,20231206,556,8074,0,0.40
220,124,16,320,13,20230821,850,8264,0,0.41
221,113,76,14,7,20210224,1388,9181,0,0.46
222,60,61,81,1,20210701,334,7671,1,0.38
223,168,19,415,10,20210806,405,7850,1,0.39
224,247,77,192,9,20211001,1032,5006,0,0.25
225,75,107,307,9,20230807,1124,7138,1,0.36
226,287,74,344,8,20231110,970,4683,0,0.23
227,147,16,340,7,20210726,921,3929,1,0.20
228,235,55,233,18,20210319,1043,3851,0,0.19
229,147,3,440,19,20230108,1385,10260,1,0.51
230,262,94,142,5,20221214,579,1934,0,0.10
231,211,90,416,14,20221220,602,2570,1,0.13
232,127,71,486,12,20210826,1165,8931,0,0.45
233,159,85,341,4,20210320,110,2432,1,0.12
234,171,55,254,15,20220808,40,6455,1,0.32
235,11,5,268,11,20211115,1247,2331,0,0.12
236,27,87,193,4,20221023,272,831,0,0.04
237,103,0,94,12,20210815,817,4086,0,0.20
238,199,66,339,19,20220809,1028,5666,0,0.28
239,289,104,233,19,20220621,656,5902,0,0.30
240,168,73,443,14,20231218,1319,3331,0,0.17
241,8,50,126,2,20230513,368,4746,0,0.24
242,234,71,106,13,20210621,1131,8476,0,0.42
243,246,93,159,16,20220820,328,2725,0,0.14
244,223,227,308,2,20220118,392,2954,0,0.15
245,95,438,159,3,20230218,1319,8811,0,0.44
246,201,109,485,20,20210225,1396,6924,0,0.35
247,253,106,494,1,20221025,1382,5561,0,0.28
248,89,14,324,17,20230315,1206,1431,0,0.07
249,70,85,92,11,20221010,119,8206,0,0.41
250,145,77,398,8,20231203,1257,3440,1,0.17
251,158,0,129,6,20231003,1172,3451,0,0.17
252,125,18,382,3,20231113,965,10664,1,0.53
253,88,294,83,14,20231024,520,7963,0,0.40
254,180,192,210,2,20210408,695,7472,1,0.37
255,275,99,353,15,20211110,1230,2658,0,0.13
256,61,79,22,17,20220924,1435,10715,1,0.54
257,90,15,280,19,20221212,1411,1494,0,0.07
258,36,103,486,14,20230807,1199,8445,0,0.42
259,27,192,60,10,20230307,1285,8154,0,0.41
260,161,8,244,12,20230312,832,6991,0,0.35
261,214,18,15,20,20211228,1104,8456,0,0.42
262,189,73,122,6,20211130,1405,8762,0,0.44
263,250,102,393,9,20230308,857,8306,0,0.42
264,236,97,64,6,20220328,592,3902,0,0.20
265,30,101,359,8,20231015,420,1036,0,0.05
266,90,82,482,5,20220603,810,2402,0,0.12
267,149,61,93,3,20220214,80,3761,0,0.19
268,40,102,498,1,20210227,176,6396,0,0.32
269,232,90,170,16,20221001,232,10244,0,0.51
270,117,57,241,4,20230214,1358,4558,0,0.23
271,97,73,222,9,20220211,413,8368,1,0.42
272,180,67,5,19,20220101,63,10510,1,0.53
273,230,10,59,17,20230427,1174,5137,1,0.26
274,281,1,199,11,20230916,627,2922,1,0.15
275,39,50,82,18,20230413,1286,5778,1,0.29
276,160,77,287,13,20221221,1319,7485,0,0.37
277,271,59,342,5,20230313,274,8035,0,0.40
278,132,93,33,18,20220711,266,3585,0,0.18
279,72,61,217,10,20220531,1438,9621,0,0.48
280,130,58,443,5,20210730,86,7393,0,0.37
281,166,83,38,10,20211211,928,3087,0,0.15
282,75,102,214,12,20210620,1022,10749,1,0.54
283,171,79,246,2,20210907,181,2325,0,0.12
284,201,0,19,17,20220101,9,1500,0,0.08
285,191,242,400,16,20210519,486,5727,0,0.29
286,209,3,7,1,20210130,606,2394,1,0.12
287,205,87,364,19,20230420,502,857,0,0.04
288,108,109,433,11,20230515,1303,1833,0,0.09
289,216,326,14,11,20210725,249,8521,0,0.43
290,277,71,132,6,20230226,1162,3467,0,0.17
291,259,89,159,6,20210418,699,9841,0,0.49
292,44,103,23,8,20220104,1315,4209,0,0.21
293,75,82,28,9,20230712,837,6605,0,0.33
294,230,52,367,3,20220831,938,1523,0,0.08
295,103,4,493,15,20211231,693,4937,1,0.25
296,74,88,191,5,20231009,253,1663,0,0.08
297,199,71,297,4,20210218,1238,7341,1,0.37
298,2,37,159,13,20211225,707,7186,1,0.36
299,154,62,305,10,20221108,1155,9473,1,0.47
300,16,387,356,18,20231228,1408,3373,0,0.17
301,246,88,149,10,20221222,674,8845,0,0.44
302,77,79,437,7,20220303,474,2198,1,0.11
303,142,40,248,7,20210204,840,3192,0,0.16
304,215,6,318,12,20220509,549,7192,0,0.36
305,142,438,247,1,20230606,1130,5227,1,0.26
306,140,74,460,11,20220314,548,1204,0,0.06
307,179,72,313,4,20220418,928,4018,1,0.20
308,147,40,371,7,20210929,1328,3865,1,0.19
309,196,10,216,2,20221116,108,7365,0,0.37
310,123,13,388,16,20221213,681,7002,1,0.35
311,27,4,85,15,20231115,778,2970,0,0.15
312,211,99,367,17,20211015,1140,8140,0,0.41
313,106,102,180,11,20210601,379,5986,1,0.30
314,64,6,39,4,20210429,588,7799,0,0.39
315,53,77,68,20,20210304,180,789,1,0.04
316,224,100,152,2,20210706,311,1950,0,0.10
317,126,96,453,12,20221101,95,960,0,0.05
318,61,104,132,6,20230423,946,5464,0,0.27
319,45,242,236,13,20210209,973,10010,0,0.50
320,197,70,112,1,20211203,1050,381,1,0.02
321,218,18,152,16,20210116,933,3376,0,0.17
322,11,86,210,6,20210619,777,4424,0,0.22
323,237,70,46,1,20230714,253,7128,1,0.36
324,179,242,494,17,20210608,381,10208,1,0.51
325,268,14,392,6,20230409,864,7961,1,0.40
326,199,63,270,19,20210509,75,6114,0,0.31
327,252,98,10,15,20230320,1195,1630,0,0.08
328,68,98,245,16,20220610,913,3393,0,0.17
329,249,72,384,16,20220726,1315,1029,0,0.05
330,241,5,479,16,20230816,885,10128,1,0.51
331,180,3,173,17,20221009,74,5825,0,0.29
332,9,2,436,3,20230503,605,5614,0,0.28
333,34,14,238,19,20220905,129,8088,0,0.40
334,189,89,404,13,20211218,247,7245,1,0.36
335,293,14,417,7,20210728,800,10641,0,0.53
336,175,477,198,18,20231012,783,8601,0,0.43
337,175,50,9,13,20210506,543,4147,1,0.21
338,16,61,361,11,20220507,1255,6815,0,0.34
339,200,109,77,7,20210527,942,8606,1,0.43
340,214,227,236,7,20230525,1005,3078,0,0.15
341,94,99,463,6,20221120,1050,9797,0,0.49
342,26,89,205,8,20220227,467,2316,1,0.12
343,300,83,348,17,20210502,602,5719,0,0.29
344,259,11,396,2,20210712,219,434,0,0.02
345,269,54,172,4,20220707,18,7005,0,0.35
346,202,69,477,20,20211216,116,1996,0,0.10
347,107,100,89,10,20210719,1192,4245,0,0.21
348,182,3,285,16,20220824,1426,6210,1,0.31
349,113,106,222,11,20221113,1119,3833,0,0.19
350,279,242,26,18,20211025,1401,2040,1,0.10
351,77,14,454,6,20230815,511,4384,1,0.22
352,125,100,326,6,20230427,815,9436,0,0.47
353,33,438,473,17,20230228,1185,3997,0,0.20
354,106,61,364,17,20220309,1092,1987,0,0.10
355,175,477,69,7,20211015,1012,9150,0,0.46
356,267,54,305,4,20231107,614,6199,0,0.31
357,252,477,235,11,20210902,419,9194,0,0.46
358,23,3,130,20,20230711,927,10331,1,0.52
359,142,52,65,3,20220819,615,1244,0,0.06
360,295,7,212,11,20220510,1309,1140,0,0.06
361,87,14,284,10,20230802,896,757,0,0.04
362,10,227,98,3,20220119,1181,10304,0,0.52
363,275,3,441,20,20210825,1139,2475,0,0.12
364,130,70,467,16,20230308,437,8141,1,0.41
365,154,227,43,5,20221008,580,2369,1,0.12
366,24,106,459,2,20211004,885,4976,0,0.25
367,267,55,52,11,20231130,882,8124,1,0.41
368,203,87,344,10,20230529,913,9119,0,0.46
369,236,56,238,4,20210213,250,2892,1,0.14
370,255,78,5,2,20221024,931,5496,0,0.27
371,238,81,283,3,20220218,1170,8294,0,0.41
372,38,105,353,13,20211001,1276,8525,0,0.43
373,3,8,361,16,20211229,40,7368,0,0.37
374,267,50,352,4,20210914,315,10372,0,0.52
375,278,5,336,15,20230408,814,7088,0,0.35
376,219,107,420,18,20220421,210,986,1,0.05
377,241,63,343,10,20230911,376,1339,1,0.07
378,164,3,247,1,20230104,1149,6977,1,0.35
379,34,106,117,17,20230506,33,9789,0,0.49
380,20,86,180,20,20221209,1364,3594,1,0.18
381,113,100,487,7,20221117,507,5402,0,0.27
382,46,15,218,3,20220215,1161,897,1,0.04
383,68,87,143,1,20230807,1053,8512,1,0.43
384,255,97,53,16,20220721,1048,5400,0,0.27
385,32,93,417,4,20220716,1333,3139,0,0.16
386,113,11,448,7,20220601,134,8611,0,0.43
387,54,13,254,1,20231205,200,8560,0,0.43
388,256,0,347,5,20220404,339,8120,0,0.41
389,28,192,167,12,20231031,847,8413,0,0.42
390,227,54,240,13,20230208,1187,7918,0,0.40
391,240,477,148,17,20220410,475,3238,0,0.16
392,75,15,260,14,20220415,637,5038,1,0.25
393,162,61,55,17,20210626,1359,9516,0,0.48
394,64,79,15,15,20210713,876,6518,0,0.33
395,185,7,483,1,20210620,32,4887,0,0.24
396,20,92,154,14,20220921,1430,10706,1,0.54
397,235,2,420,12,20230607,479,4349,1,0.22
398,196,100,58,17,20220326,994,6546,1,0.33
399,130,387,460,4,20211009,492,9518,0,0.48
400,200,105,32,1,20220308,1334,10296,1,0.51
401,42,12,390,19,20230627,41,5362,0,0.27
402,163,83,475,6,20230321,1088,5799,0,0.29
403,184,15,28,3,20230118,307,322,0,0.02
404,212,58,19,15,20220715,1169,3417,0,0.17
405,218,81,296,11,20231102,1295,7588,1,0.38
406,33,108,361,7,20210523,684,5065,1,0.25
407,258,477,108,20,20231031,1360,8413,0,0.42
408,257,62,267,2,20210411,986,785,0,0.04
409,144,19,302,9,20220524,619,9032,1,0.45
410,139,498,486,4,20210802,67,2926,0,0.15
411,6,69,234,4,20230716,882,3929,1,0.20
412,33,85,468,7,20230914,1287,4935,0,0.25
413,79,192,110,8,20220910,246,2794,0,0.14
414,202,57,424,3,20220314,1371,4585,0,0.23
415,95,192,336,13,20230115,1183,3674,0,0.18
416,99,72,68,15,20230422,890,7201,0,0.36
417,142,102,208,15,20210219,120,9132,1,0.46
418,9,66,380,7,20230503,939,7018,0,0.35
419,80,50,44,6,20230603,502,10379,1,0.52
420,234,460,79,16,20230225,465,5616,0,0.28
421,43,88,126,10,20221231,1166,3254,1,0.16
422,212,387,438,10,20220515,305,6636,0,0.33
423,217,72,288,19,20211010,439,745,0,0.04
424,261,13,148,1,20210813,585,10725,1,0.54
425,50,83,220,16,20220127,1321,7221,0,0.36
426,94,90,225,1,20210227,845,10209,1,0.51
427,9,19,87,2,20220920,830,5414,1,0.27
428,46,96,451,18,20220407,1251,7019,0,0.35
429,79,71,306,16,20230416,669,7253,1,0.36
430,284,78,247,12,20211128,166,1180,0,0.06
431,239,13,91,2,20230406,1247,2546,0,0.13
432,253,104,460,5,20210117,896,5696,1,0.28
433,63,96,391,9,20220921,1014,7064,0,0.35
434,130,99,182,20,20220402,421,6436,0,0.32
435,209,84,131,9,20221230,932,460,0,0.02
436,219,73,500,6,20210209,598,449,1,0.02
437,165,63,466,9,20230710,258,9417,1,0.47
438,80,11,189,1,20231121,63,7051,0,0.35
439,102,87,213,18,20210123,792,4558,0,0.23
440,240,73,26,6,20230319,209,953,1,0.05
441,202,99,369,14,20220202,504,5455,0,0.27
442,298,91,229,14,20230206,1038,8669,1,0.43
443,243,11,215,17,20211005,1284,10760,0,0.54
444,278,294,448,20,20231010,253,6527,0,0.33
445,273,7,2,10,20210730,519,7543,0,0.38
446,184,19,1,13,20220927,245,2268,0,0.11
447,138,87,127,19,20230729,371,7460,0,0.37
448,284,75,86,17,20230626,436,8174,1,0.41
449,161,1,457,19,20230617,186,8612,0,0.43
450,234,84,17,3,20231108,859,7181,0,0.36
451,121,52,400,20,20230911,942,4085,1,0.20
452,229,92,165,19,20231123,408,10151,1,0.51
453,201,65,377,20,20220310,532,6337,1,0.32
454,246,100,358,14,20230603,498,3253,0,0.16
455,12,74,182,20,20230128,944,9543,0,0.48
456,49,19,479,20,20230807,1192,10677,0,0.53
457,100,242,35,18,20230108,980,1015,0,0.05
458,82,92,52,20,20220725,901,10485,1,0.52
459,244,51,180,20,20210210,342,832,0,0.04
460,183,62,72,17,20210312,639,10588,0,0.53
461,139,37,61,3,20230909,1434,4157,1,0.21
462,201,81,374,7,20210720,1104,9906,0,0.50
463,167,8,318,16,20230823,1042,5353,0,0.27
464,249,103,138,12,20220510,974,408,0,0.02
465,66,0,283,16,20210420,536,7670,0,0.38
466,182,61,142,1,20230506,703,8661,0,0.43
467,140,90,266,9,20220822,157,4035,0,0.20
468,112,66,473,14,20210918,942,1813,1,0.09
469,234,51,78,11,20230619,1259,1973,0,0.10
470,276,61,322,18,20220805,1166,4347,0,0.22
471,20,2,318,20,20220216,1203,450,0,0.02
472,184,103,427,6,20221224,850,4108,0,0.21
473,14,75,139,9,20221027,94,3537,0,0.18
474,219,65,287,3,20210501,944,8660,0,0.43
475,217,294,146,9,20211023,1160,617,1,0.03
476,269,76,199,4,20220221,1104,4527,1,0.23
477,135,0,339,20,20220215,791,1009,0,0.05
478,231,106,311,13,20230518,1344,7058,0,0.35
479,47,102,389,19,20220729,1259,10686,0,0.53
480,190,16,372,7,20210326,246,5968,0,0.30
481,177,95,122,6,20230412,486,4028,1,0.20
482,146,4,86,6,20230507,687,4698,0,0.23
483,131,77,162,16,20220627,923,4106,1,0.21
484,104,78,381,11,20220212,677,6119,0,0.31
485,272,78,262,5,20210114,1097,9601,0,0.48
486,197,14,98,19,20220423,1151,1961,0,0.10
487,267,76,398,3,20230607,253,2529,0,0.13
488,282,60,466,3,20221229,1313,9639,1,0.48
489,115,61,323,8,20210727,1046,1759,0,0.09
490,237,11,112,9,20220331,150,6676,1,0.33
491,298,102,417,18,20220518,550,4181,1,0.21
492,196,93,131,6,20221210,869,4007,1,0.20
493,13,16,199,19,20230628,1167,4109,0,0.21
494,152,81,448,20,20230525,671,927,1,0.05
495,213,87,69,5,20231103,381,2208,0,0.11
496,67,90,240,4,20210414,1429,7683,0,0.38
497,7,88,9,3,20230509,268,7482,1,0.37
498,92,438,215,8,20230830,660,9545,0,0.48
499,145,62,22,18,20221019,1154,6872,1,0.34
500,91,95,96,9,20220308,770,7490,1,0.37
501,252,399,344,11,20220420,99,5751,0,0.29
502,39,460,451,14,20211108,1367,5709,1,0.29
503,40,242,49,18,20220716,414,4479,0,0.22
504,34,54,34,1,20220915,1018,5396,0,0.27
505,137,5,433,2,20221018,82,5631,0,0.28
506,255,89,379,10,20211118,542,10360,0,0.52
507,161,65,358,14,20230518,623,8585,0,0.43
508,214,326,40,2,20220611,460,7003,0,0.35
509,43,17,268,7,20231202,349,7166,0,0.36
510,211,9,180,9,20230512,135,8668,1,0.43
511,199,97,15,18,20210928,690,4091,0,0.20
512,252,97,448,6,20221023,1376,3348,0,0.17
513,219,105,33,4,20231013,1397,7411,0,0.37
514,67,65,340,10,20230628,407,3946,1,0.20
515,68,3,18,14,20220923,83,5396,0,0.27
516,169,75,185,4,20220916,513,8852,0,0.44
517,80,326,322,20,20210925,618,7971,0,0.40
518,283,4,352,19,20230725,508,7070,0,0.35
519,2,477,265,13,20220802,599,5637,0,0.28
520,282,93,217,15,20211118,178,9705,0,0.49
521,156,88,86,7,20230422,937,8712,0,0.44
522,182,99,411,20,20210430,612,3609,0,0.18
523,280,10,50,18,20220802,1289,369,0,0.02
524,88,477,255,3,20230829,601,10527,0,0.53
525,48,477,196,6,20210104,411,6181,1,0.31
526,198,54,192,1,20211015,1168,9472,1,0.47
527,233,14,148,15,20210507,154,7128,1,0.36
528,110,53,71,9,20230709,333,4357,0,0.22
529,276,82,242,6,20221023,1332,3274,0,0.16
530,195,55,63,7,20210130,753,6139,0,0.31
531,143,101,442,17,20210822,170,9691,0,0.48
532,8,11,356,16,20210705,210,4065,0,0.20
533,142,5,135,12,20230816,108,2828,1,0.14
534,40,67,380,3,20211213,854,4148,0,0.21
535,59,11,431,3,20230131,345,7716,1,0.39
536,63,73,49,7,20210414,986,1066,0,0.05
537,56,71,261,12,20231201,560,10114,0,0.51
538,193,18,247,15,20230515,1246,3493,1,0.17
539,141,60,153,9,20210329,1435,3882,1,0.19
540,102,63,143,3,20211009,28,597,0,0.03
541,44,387,432,6,20230713,163,1704,0,0.09
542,19,5,353,12,20210416,979,2583,0,0.13
543,4,61,97,11,20230909,500,8768,1,0.44
544,207,104,143,10,20221120,379,7673,1,0.38
545,61,81,245,7,20220104,499,7228,0,0.36
546,183,294,471,12,20210326,979,8440,1,0.42
547,284,460,358,13,20221211,1292,1691,1,0.08
548,153,109,470,11,20230801,1218,9792,1,0.49
549,153,99,415,12,20230507,1184,4569,0,0.23
550,147,57,64,9,20210624,96,6688,1,0.33
551,95,74,41,5,20210710,266,8333,0,0.42
552,169,8,44,18,20220314,725,6778,0,0.34
553,223,326,133,16,20211112,100,8074,0,0.40
554,211,50,140,13,20210603,101,4662,1,0.23
555,88,1,267,10,20210610,236,7357,1,0.37
556,180,460,356,12,20230128,29,6489,1,0.32
557,89,242,492,16,20220311,1111,4211,0,0.21
558,59,107,395,6,20221110,138,730,1,0.04
559,9,102,436,9,20230124,926,2126,1,0.11
560,19,69,110,11,20210416,567,3028,0,0.15
561,216,83,430,10,20220114,268,7474,1,0.37
562,132,79,385,15,20220705,937,10387,1,0.52
563,55,438,427,5,20230630,456,8986,0,0.45
564,161,107,488,16,20220813,304,3436,1,0.17
565,43,2,91,13,20220922,600,4630,1,0.23
566,189,73,173,18,20221012,1396,1579,1,0.08
567,143,72,125,1,20210504,1332,8304,0,0.42
568,118,95,468,5,20220920,610,6487,0,0.32
569,293,73,25,11,20231108,238,4760,0,0.24
570,150,61,255,17,20230712,310,3578,1,0.18
571,201,94,375,16,20230817,496,9744,0,0.49
572,261,498,93,11,20220513,174,3550,0,0.18
573,1,51,47,8,20230821,1141,5600,0,0.28
574,273,53,1,15,20211130,369,3459,1,0.17
575,123,79,340,20,20210606,50,7712,0,0.39
576,51,242,377,9,20220729,1312,3085,0,0.15
577,13,98,18,1,20230922,1286,4276,0,0.21
578,134,17,365,15,20210203,1410,4910,0,0.25
579,233,85,306,19,20220228,629,4521,0,0.23
580,166,7,155,7,20230425,1286,10194,0,0.51
581,182,242,374,18,20220814,5,6406,1,0.32
582,225,66,84,9,20231004,276,9530,1,0.48
583,291,15,63,12,20230713,255,8577,0,0.43
584,54,73,393,3,20220729,1230,581,0,0.03
585,229,100,416,2,20220205,390,4348,0,0.22
586,235,17,256,14,20230907,844,3898,1,0.19
587,105,192,195,16,20230803,258,2287,0,0.11
588,72,79,120,16,20230707,931,2853,0,0.14
589,97,56,126,9,20220430,877,10737,0,0.54
590,291,0,389,11,20220915,184,5180,1,0.26
591,197,104,434,11,20220308,1318,7877,1,0.39
592,212,108,446,6,20220123,1305,9986,1,0.50
593,75,37,89,11,20220418,494,3108,0,0.16
594,222,50,70,14,20210725,1157,2734,1,0.14
595,2,2,371,13,20210925,313,10254,0,0.51
596,13,53,305,13,20220912,1117,3935,0,0.20
597,277,64,263,20,20220330,212,598,1,0.03
598,12,60,190,12,20210318,1139,810,1,0.04
599,293,102,70,7,20221212,245,9091,0,0.45
600,237,68,295,9,20210205,329,5963,0,0.30
601,135,103,401,17,20230807,1084,5373,0,0.27
602,157,100,167,6,20230104,1104,3942,0,0.20
603,62,326,120,3,20211110,864,4100,0,0.21
604,74,53,190,13,20221123,773,9463,1,0.47
605,259,227,346,12,20230801,138,6804,1,0.34
606,136,97,79,1,20211108,248,1163,1,0.06
607,210,80,348,16,20230226,1414,5808,0,0.29
608,18,65,57,4,20231207,1136,9904,0,0.50
609,71,83,95,2,20220324,169,645,1,0.03
610,188,72,120,13,20231119,1251,2279,0,0.11
611,270,242,469,20,20210412,511,1887,0,0.09
612,133,107,292,19,20220224,181,4117,0,0.21
613,117,97,27,5,20220718,574,3095,0,0.15
614,2,2,196,13,20230203,930,10311,1,0.52
615,293,103,92,5,20210627,196,5393,0,0.27
616,253,64,127,6,20230810,522,2220,1,0.11
617,80,70,114,2,20230111,1128,10522,0,0.53
618,136,85,384,6,20220319,395,3419,0,0.17
619,211,78,432,9,20230710,462,9520,0,0.48
620,68,2,323,5,20230729,322,4090,0,0.20
621,183,69,141,19,20210727,40,3437,0,0.17
622,245,100,432,2,20220212,1347,3124,0,0.16
623,192,108,381,3,20230622,1333,691,0,0.03
624,193,0,129,17,20211027,1387,4822,0,0.24
625,80,65,328,15,20210128,1170,4115,0,0.21
626,148,101,453,20,20231003,1192,1138,1,0.06
627,31,227,237,6,20210428,801,7828,1,0.39
628,172,50,471,20,20210715,1193,1486,0,0.07
629,260,80,390,5,20211005,275,1822,0,0.09
630,131,10,62,17,20220726,773,7191,0,0.36
631,25,107,221,11,20210703,378,2739,0,0.14
632,277,53,269,9,20220728,211,4459,0,0.22
633,285,83,423,11,20220819,839,8750,0,0.44
634,2,75,91,19,20231018,880,1726,1,0.09
635,248,0,190,4,20231213,44,3804,0,0.19
636,239,8,345,15,20220902,1212,10780,0,0.54
637,212,51,319,1,20230802,1034,1784,0,0.09
638,180,84,490,16,20220529,189,3673,0,0.18
639,209,227,84,15,20210904,1408,864,0,0.04
640,253,101,25,7,20220709,339,10178,1,0.51
641,238,227,2,17,20220414,1187,8448,0,0.42
642,168,16,5,15,20210622,795,10015,1,0.50
643,169,15,331,3,20220108,897,10526,0,0.53
644,123,14,361,11,20230214,1085,7426,0,0.37
645,135,109,37,9,20211108,199,9733,0,0.49
646,158,66,451,10,20210219,612,9703,0,0.49
647,157,73,368,13,20231018,1276,9845,1,0.49
648,74,79,15,10,20220908,879,9543,0,0.48
649,214,82,391,6,20210612,76,5843,0,0.29
650,178,242,158,3,20230620,1049,8244,0,0.41
651,165,11,347,20,20221023,1401,2317,0,0.12
652,129,2,20,5,20210414,1,8519,1,0.43
653,235,81,420,1,20230530,1214,4901,0,0.25
654,269,477,343,17,20230716,1365,8318,1,0.42
655,65,37,331,16,20210424,1080,4954,1,0.25
656,292,98,374,3,20230519,255,10395,0,0.52
657,267,75,144,9,20211217,135,4376,0,0.22
658,265,55,385,12,20221110,203,3517,0,0.18
659,153,15,153,2,20210622,514,4603,1,0.23
660,137,15,126,8,20210622,475,3270,0,0.16
661,177,4,296,11,20231016,179,3961,0,0.20
662,220,105,382,7,20220615,673,2505,0,0.13
663,262,97,392,10,20230401,268,7113,0,0.36
664,201,97,320,5,20230215,1233,8860,0,0.44
665,205,498,274,5,20210623,583,601,1,0.03
666,199,294,49,7,20230702,1104,381,1,0.02
667,203,80,246,13,20220420,714,5554,0,0.28
668,129,100,391,7,20211107,146,5376,0,0.27
669,145,78,53,13,20220616,1225,735,0,0.04
670,19,55,343,12,20231116,841,7003,0,0.35
671,152,227,360,4,20230827,783,10060,0,0.50
672,278,105,262,11,20211209,896,2286,0,0.11
673,164,6,468,14,20210415,667,3431,0,0.17
674,248,104,239,17,20210712,1130,757,1,0.04
675,117,79,211,19,20210422,1367,10185,1,0.51
676,9,85,31,1,20230716,1294,5629,1,0.28
677,290,477,11,6,20231019,438,5636,0,0.28
678,280,58,464,17,20220812,1282,5154,0,0.26
679,189,69,210,1,20210104,204,9088,1,0.45
680,139,11,182,17,20220911,248,8711,0,0.44
681,88,74,487,2,20221123,1168,3897,0,0.19
682,136,9,258,1,20230814,85,3903,0,0.20
683,87,83,283,13,20220714,923,2397,0,0.12
684,290,0,193,8,20220824,212,1233,0,0.06
685,131,8,291,15,20220924,480,5709,0,0.29
686,216,107,191,7,20211026,40,6406,1,0.32
687,3,102,255,12,20230604,764,10156,0,0.51
688,111,81,350,7,20220125,155,5977,0,0.30
689,210,51,323,13,20230301,104,2394,1,0.12
690,55,2,340,1,20230824,9,10488,1,0.52
691,76,75,288,18,20211119,69,7270,0,0.36
692,217,78,17,10,20231223,1061,5955,0,0.30
693,66,76,4,3,20210115,1222,5522,1,0.28
694,114,99,485,2,20230812,830,9659,1,0.48
695,223,53,327,16,20210513,385,8222,1,0.41
696,102,63,284,17,20230628,935,8975,0,0.45
697,21,12,406,20,20220207,123,7930,0,0.40
698,110,105,50,15,20220201,904,7821,1,0.39
699,22,81,217,7,20230805,247,7914,0,0.40
700,230,460,136,19,20220417,627,5243,0,0.26
701,78,18,339,19,20211128,1214,3321,1,0.17
702,112,399,177,7,20231205,323,10250,0,0.51
703,245,89,438,15,20220625,784,2276,0,0.11
704,198,59,388,14,20230806,493,3836,0,0.19
705,169,65,34,5,20221004,1108,4081,0,0.20
706,161,5,339,5,20220928,938,3067,0,0.15
707,17,40,297,15,20230609,26,2236,1,0.11
708,202,99,207,19,20210308,1402,7290,0,0.36
709,20,96,482,2,20220609,1071,6657,1,0.33
710,169,87,216,5,20220927,1269,592,0,0.03
711,7,96,342,15,20220325,1068,9478,0,0.47
712,126,60,407,12,20210326,492,5452,0,0.27
713,289,91,465,5,20230430,387,9729,0,0.49
714,4,15,407,9,20210222,641,10273,0,0.51
715,102,84,77,3,20220902,695,496,0,0.02
716,207,7,58,8,20210425,66,7738,0,0.39
717,202,105,463,20,20220830,1075,1429,0,0.07
718,124,227,493,20,20230705,228,1479,0,0.07
719,81,40,114,17,20231218,569,6952,1,0.35
720,10,74,245,5,20210807,76,1469,0,0.07
721,164,50,195,10,20210519,586,851,0,0.04
722,103,54,71,10,20211107,1052,1886,0,0.09
723,61,52,71,20,20210912,1299,6755,0,0.34
724,1,83,251,17,20210209,1072,690,1,0.03
725,93,83,324,19,20230930,1380,8817,0,0.44
726,270,387,167,10,20220928,940,2929,0,0.15
727,25,227,468,9,20230511,1389,3558,0,0.18
728,21,74,145,9,20220318,1288,4265,0,0.21
729,219,74,435,5,20210514,804,8447,0,0.42
730,212,192,485,14,20220712,783,2342,0,0.12
731,286,57,465,15,20210812,753,6550,0,0.33
732,32,67,333,18,20220611,1354,5676,1,0.28
733,122,55,316,20,20230607,172,7641,0,0.38
734,281,37,371,18,20210218,645,10469,0,0.52
735,65,65,288,17,20231229,193,8737,0,0.44
736,111,81,423,19,20210408,1427,9780,0,0.49
737,217,326,306,19,20220330,1062,8168,0,0.41
738,134,83,412,9,20220320,1139,10654,0,0.53
739,22,96,395,16,20210225,289,9111,0,0.46
740,300,94,326,14,20230626,618,4026,0,0.20
741,293,59,164,14,20230714,571,10046,0,0.50
742,221,59,147,12,20230306,270,6311,0,0.32
743,132,59,238,2,20220403,588,7818,0,0.39
744,242,66,96,11,20230712,714,5386,1,0.27
745,206,107,266,10,20220801,825,3979,0,0.20
746,104,86,82,19,20221118,138,7068,1,0.35
747,18,106,83,4,20210428,31,4751,0,0.24
748,102,92,264,11,20231110,1129,2923,1,0.15
749,262,13,359,15,20221109,1298,6290,0,0.31
750,51,94,174,9,20220416,890,9465,0,0.47
751,113,92,157,20,20231019,302,10638,0,0.53
752,129,88,347,8,20210607,269,5529,1,0.28
753,282,79,178,16,20231207,597,6097,0,0.30
754,164,92,140,1,20221208,753,5099,1,0.25
755,221,94,409,10,20230314,872,1798,1,0.09
756,57,66,32,18,20210910,424,825,0,0.04
757,138,0,500,12,20230324,732,10732,0,0.54
758,252,58,432,14,20210720,1384,1815,1,0.09
759,236,81,332,11,20210110,184,3605,0,0.18
760,1,57,123,1,20230810,1023,2650,1,0.13
761,290,57,27,15,20211115,209,10065,0,0.50
762,274,53,219,16,20220506,1027,9112,0,0.46
763,113,61,417,18,20220429,449,10005,0,0.50
764,36,55,42,14,20230905,413,7083,0,0.35
765,112,89,397,17,20221006,42,8311,1,0.42
766,69,1,165,7,20210410,1372,8231,1,0.41
767,37,106,325,7,20230206,796,2218,0,0.11
768,98,65,456,5,20221009,1355,6324,0,0.32
769,199,51,91,6,20210701,1256,5579,1,0.28
770,297,227,76,16,20230222,92,7588,0,0.38
771,71,438,442,17,20210511,756,4640,0,0.23
772,222,53,315,12,20230115,934,6115,1,0.31
773,85,40,10,12,20220510,460,7082,0,0.35
774,175,62,420,8,20211006,642,765,1,0.04
775,249,52,462,8,20230702,188,9890,0,0.49
776,268,88,482,6,20230521,214,8268,0,0.41
777,117,69,158,5,20230921,1310,4038,0,0.20
778,147,72,441,1,20220210,1210,8013,0,0.40
779,243,17,101,9,20231029,70,6976,0,0.35
780,111,3,175,11,20230322,243,10358,0,0.52
781,62,83,402,20,20220127,554,3887,0,0.19
782,279,399,359,4,20230119,267,392,0,0.02
783,129,399,121,11,20231126,477,7450,0,0.37
784,202,50,4,13,20231207,143,4454,0,0.22
785,108,69,30,14,20220129,812,10330,0,0.52
786,63,192,187,3,20211208,1103,1915,0,0.10
787,149,90,402,14,20210602,353,3538,1,0.18
788,252,73,345,1,20230731,388,4318,0,0.22
789,43,72,198,12,20230203,909,492,0,0.02
790,4,75,6,18,20220921,60,3811,0,0.19
791,295,1,474,10,20210612,1094,4535,1,0.23
792,52,5,326,13,20210826,654,3135,1,0.16
793,278,76,165,15,20230516,1328,4819,0,0.24
794,93,62,121,12,20210425,1071,2278,1,0.11
795,146,84,223,18,20210624,100,2131,0,0.11
796,24,109,11,19,20230628,1004,7297,0,0.36
797,81,60,398,3,20210310,1162,8828,0,0.44
798,224,10,207,19,20220618,1336,6817,0,0.34
799,67,13,53,6,20210519,1154,8619,0,0.43
800,258,71,470,20,20220331,363,4630,0,0.23
801,279,104,231,17,20230612,145,2684,1,0.13
802,73,101,3,9,20230609,961,6229,1,0.31
803,186,19,246,11,20230523,1019,4060,0,0.20
804,116,87,412,18,20230427,31,6036,0,0.30
805,213,460,475,13,20210202,12,4146,1,0.21
806,288,5,490,12,20220628,20,6301,1,0.32
807,85,2,255,16,20231019,1143,2310,0,0.12
808,30,87,470,11,20220201,1268,1479,1,0.07
809,277,5,279,13,20220227,1353,8895,0,0.44
810,250,52,98,2,20210610,43,4563,1,0.23
811,66,83,25,7,20231201,1061,10467,0,0.52
812,169,84,364,17,20220530,230,4155,0,0.21
813,221,102,53,13,20210817,771,5160,1,0.26
814,194,107,110,15,20220214,241,10150,0,0.51
815,237,57,432,7,20220315,706,2952,1,0.15
816,243,64,2,5,20211123,490,4173,1,0.21
817,220,69,480,14,20230209,702,10571,0,0.53
818,79,59,313,17,20210905,292,1870,0,0.09
819,252,62,378,3,20210110,1057,6776,1,0.34
820,180,108,205,8,20210221,724,8765,0,0.44
821,164,17,246,18,20230210,257,5500,1,0.28
822,122,89,18,4,20210821,375,562,0,0.03
823,28,5,394,13,20230502,606,10739,1,0.54
824,89,75,55,8,20220823,1088,327,1,0.02
825,196,71,38,9,20230418,805,8758,0,0.44
826,275,13,357,3,20230717,1028,4110,0,0.21
827,245,74,149,19,20210822,1270,6536,0,0.33
828,92,85,252,15,20210409,1194,3748,0,0.19
829,54,87,220,9,20220502,597,360,1,0.02
830,284,60,139,9,20210818,1142,9344,1,0.47
831,64,14,16,8,20211113,1315,790,0,0.04
832,253,106,36,11,20221211,743,10325,0,0.52
833,173,97,46,14,20220330,223,6274,0,0.31
834,278,9,213,14,20220210,102,9900,0,0.50
835,23,79,210,2,20220421,1324,5596,1,0.28
836,43,106,334,13,20230627,188,2782,1,0.14
837,25,61,287,10,20210618,755,4538,0,0.23
838,145,67,465,1,20221130,499,8271,1,0.41
839,192,63,91,8,20220729,1014,9131,0,0.46
840,123,192,146,16,20221025,253,9484,1,0.47
841,83,17,402,2,20211117,890,5900,1,0.30
842,43,15,144,8,20221124,1145,6628,0,0.33
843,48,103,54,16,20210919,1235,4620,0,0.23
844,19,69,29,17,20210122,1259,6232,0,0.31
845,119,86,205,7,20230928,1071,3069,0,0.15
846,162,106,435,8,20211008,713,974,1,0.05
847,50,4,142,3,20220117,634,7909,0,0.40
848,263,71,68,8,20230528,729,3037,1,0.15
849,221,79,78,2,20221201,1095,9599,0,0.48
850,166,109,234,14,20210926,496,8623,1,0.43
851,170,58,457,13,20230912,234,4276,0,0.21
852,180,460,357,17,20230818,124,6710,1,0.34
853,189,91,341,17,20220117,409,8156,1,0.41
854,210,438,292,4,20210417,1175,6637,0,0.33
855,48,62,22,16,20220413,130,2478,1,0.12
856,53,61,411,5,20210328,520,4492,1,0.22
857,186,102,100,20,20221202,702,1249,1,0.06
858,264,60,238,13,20220924,233,6904,0,0.35
859,267,87,355,9,20220516,89,1812,0,0.09
860,202,98,1,8,20210310,924,9610,0,0.48
861,77,95,328,3,20220216,1100,1883,0,0.09
862,279,64,84,7,20220218,387,9998,1,0.50
863,49,103,197,11,20220224,526,4891,0,0.24
864,225,62,391,10,20231002,541,6017,0,0.30
865,5,106,478,7,20211215,1008,6993,0,0.35
866,132,86,483,6,20231031,1209,7675,1,0.38
867,265,13,393,9,20210315,1416,4736,0,0.24
868,29,75,92,2,20220721,760,1786,0,0.09
869,113,93,475,20,20230417,846,1576,1,0.08
870,256,5,12,20,20231019,954,8410,1,0.42
871,208,192,9,13,20230312,1154,6760,0,0.34
872,279,7,51,12,20210426,334,2359,0,0.12
873,262,1,347,4,20210307,270,6479,0,0.32
874,29,74,446,4,20210302,1134,9892,0,0.49
875,161,63,364,9,20220727,1398,7836,0,0.39
876,28,3,413,12,20230429,856,2949,0,0.15
877,164,460,415,15,20210110,1402,1877,1,0.09
878,287,4,370,1,20230625,561,8476,1,0.42
879,188,75,405,13,20231003,973,1199,0,0.06
880,170,83,110,20,20221030,512,3025,0,0.15
881,122,2,107,6,20231101,740,2715,0,0.14
882,223,64,499,6,20210902,929,10032,0,0.50
883,43,105,100,5,20210721,70,10582,1,0.53
884,78,64,108,6,20210811,1351,8310,0,0.42
885,242,460,1,14,20230618,964,471,0,0.02
886,263,86,490,3,20220302,499,10446,1,0.52
887,14,107,457,1,20210506,1071,7936,0,0.40
888,29,37,216,15,20230916,747,4056,0,0.20
889,16,51,341,2,20210803,623,10151,0,0.51
890,174,58,309,5,20230318,1406,8536,1,0.43
891,281,7,291,17,20220811,544,5697,0,0.28
892,223,71,193,4,20220919,403,439,0,0.02
893,290,326,264,17,20230914,1259,4266,0,0.21
894,136,67,366,9,20220216,1319,6042,1,0.30
895,212,11,347,2,20231024,1182,5853,0,0.29
896,60,88,478,4,20230804,1229,8307,0,0.42
897,117,100,57,11,20220716,1394,780,0,0.04
898,121,192,112,18,20210820,112,10775,1,0.54
899,294,98,260,7,20231125,1307,1866,0,0.09
900,150,61,211,17,20220404,1051,2937,0,0.15
901,90,37,179,7,20210811,1125,1494,0,0.07
902,24,242,425,19,20230213,1261,9427,1,0.47
903,24,99,23,3,20210220,113,4287,0,0.21
904,246,69,366,17,20221010,665,5832,0,0.29
905,95,64,321,5,20211209,1194,10673,0,0.53
906,170,87,143,6,20210314,38,994,0,0.05
907,67,17,123,7,20210217,1248,10681,0,0.53
908,266,109,198,8,20210310,106,7206,0,0.36
909,149,4,323,16,20210329,492,6640,1,0.33
910,64,12,341,9,20220720,421,5384,0,0.27
911,23,40,285,3,20220321,533,4506,1,0.23
912,97,63,54,3,20230522,240,10676,0,0.53
913,235,66,243,2,20231003,695,6723,0,0.34
914,175,83,297,2,20220723,962,10349,1,0.52
915,143,77,295,13,20210923,890,1383,0,0.07
916,1,6,365,1,20231121,431,6651,0,0.33
917,202,66,335,15,20210225,337,10304,0,0.52
918,21,81,393,10,20220923,919,3854,1,0.19
919,141,55,85,6,20230424,1089,7991,0,0.40
920,183,107,372,17,20211001,1118,10506,0,0.53
921,115,91,433,14,20230610,226,4535,0,0.23
922,96,109,324,12,20231104,613,8619,0,0.43
923,17,66,249,20,20230410,146,6516,0,0.33
924,200,99,322,12,20220203,849,10380,0,0.52
925,254,74,428,10,20220805,808,8669,0,0.43
926,92,80,339,6,20231018,195,1440,0,0.07
927,3,84,208,7,20210622,876,7033,0,0.35
928,292,14,49,3,20230516,217,6471,0,0.32
929,253,77,14,10,20230810,1330,7750,1,0.39
930,139,78,204,20,20210215,166,5458,0,0.27
931,267,52,473,4,20230921,616,1691,0,0.08
932,237,72,347,1,20210201,1429,4382,1,0.22
933,135,86,482,17,20220807,574,8740,1,0.44
934,162,55,455,8,20231212,348,1744,1,0.09
935,271,13,179,16,20210211,647,9886,0,0.49
936,42,11,319,6,20230504,777,7134,0,0.36
937,163,85,279,2,20221008,1072,8938,1,0.45
938,43,9,406,7,20210824,1379,10448,1,0.52
939,171,4,286,10,20211006,261,4668,0,0.23
940,172,84,263,2,20231117,856,6908,0,0.35
941,122,8,416,12,20230508,1421,10181,1,0.51
942,98,18,278,12,20220512,1050,3173,0,0.16
943,175,64,423,10,20210320,419,3407,0,0.17
944,45,2,163,18,20221227,1316,455,0,0.02
945,15,4,410,18,20230823,1162,2609,0,0.13
946,219,72,183,3,20220818,353,3814,1,0.19
947,67,438,476,10,20230302,576,761,0,0.04
948,135,12,256,14,20230709,1385,5699,0,0.28
949,62,88,398,7,20230427,891,6233,1,0.31
950,223,51,71,12,20231209,1191,4716,0,0.24
951,4,85,282,5,20211216,1353,10412,1,0.52
952,69,2,457,18,20220202,719,844,1,0.04
953,93,17,208,17,20230724,1405,1822,1,0.09
954,197,40,182,5,20230702,423,2300,0,0.12
955,292,108,232,8,20210714,454,9280,0,0.46
956,268,19,83,10,20220907,261,1786,0,0.09
957,208,399,285,1,20210420,1275,8223,0,0.41
958,74,71,159,6,20221217,748,2172,0,0.11
959,139,53,362,19,20230602,1182,3068,1,0.15
960,212,8,352,8,20220814,361,6459,0,0.32
961,168,7,35,16,20210802,107,357,1,0.02
962,12,70,262,17,20210502,520,4245,1,0.21
963,145,74,402,13,20210817,432,8765,0,0.44
964,21,101,431,2,20210124,807,5140,0,0.26
965,162,68,487,15,20221005,1068,9430,0,0.47
966,190,56,198,17,20230716,906,1799,1,0.09
967,176,326,254,14,20210827,749,10408,0,0.52
968,60,59,358,14,20210729,521,1162,0,0.06
969,290,5,417,20,20220723,269,408,0,0.02
970,111,98,22,15,20231129,500,7875,0,0.39
971,296,74,115,2,20230905,858,3742,1,0.19
972,32,498,347,5,20210429,292,1009,1,0.05
973,291,88,175,2,20210206,791,1249,1,0.06
974,130,16,310,8,20220210,1290,7881,1,0.39
975,65,75,257,3,20221220,376,8225,1,0.41
976,265,75,392,6,20210726,574,621,1,0.03
977,17,96,316,4,20221023,557,4760,1,0.24
978,113,59,29,17,20230111,144,7492,0,0.37
979,73,82,66,1,20231013,993,7174,0,0.36
980,189,10,247,8,20230822,947,10470,1,0.52
981,25,53,385,5,20220120,240,3967,0,0.20
982,296,103,437,15,20210511,503,6217,1,0.31
983,3,89,303,14,20210406,1241,6179,0,0.31
984,57,52,33,10,20220507,74,5300,0,0.27
985,193,96,345,5,20231113,1407,4471,0,0.22
986,67,8,199,9,20220803,697,609,0,0.03
987,77,67,460,10,20211115,638,2694,1,0.13
988,230,399,334,7,20221005,1340,3419,0,0.17
989,56,78,381,13,20230713,369,8848,0,0.44
990,126,87,382,2,20221215,296,9182,0,0.46
991,220,19,117,7,20211221,1295,6891,0,0.34
992,16,85,345,9,20220830,206,3598,0,0.18
993,62,96,409,3,20220117,301,7864,1,0.39
994,215,106,417,15,20230622,367,767,0,0.04
995,122,399,225,17,20211028,551,3848,0,0.19
996,94,85,183,10,20210801,1057,1011,0,0.05
997,253,73,468,9,20230110,510,10303,1,0.52
998,95,55,454,18,20220802,199,8589,0,0.43
999,241,101,129,12,20230701,791,2201,0,0.11
1000,169,7,337,1,20221024,6,2463,0,0.12
